{
  "loudspeaker": 0.6489437222480774, 
  "television": 0.30296656489372253, 
  "analog clock": 0.37864744663238525, 
  "screen": 0.39371398091316223, 
  "envelope": 0.7691694498062134, 
  "perfume": 0.34559136629104614, 
  "lampshade": 0.5597303509712219, 
  "wallet": 0.2543562948703766, 
  "binder": 0.2503446340560913, 
  "web site": 0.4243941605091095, 
  "wardrobe": 0.5830494165420532, 
  "home theater": 0.48032185435295105, 
  "window shade": 0.266602486371994, 
  "pedestal": 0.42854323983192444, 
  "jersey": 0.298234224319458
}